KEY,English,Deutsch,Français,Italiano,Spanish,Portuguese (Euro),Portuguese (Brazil),Polish,Russian,Japanese,Chinese (simplified),Chinese (traditional),Korean,Turkish,Greek,Dutch,Vietnamese
dialogue_O7KfC4q,@q0 @d1\nName is optional. \n@w2\nDepends if this <i><b>Human </b></i><color=#ffffff>makes itself one.</color>,,,,,,,,,,@q0 @d1\n名字是可选的。 \n@w2\n取决于这个<i><b>人类</b></i><color=#ffffff>是否让自己成为一个名字。</color>,,,,,,
dialogue_0CGeK8C,<color=#c0c0c0>The </color><color=#0080ff><b>Captain</b></color>,,,,,,,,,,<color=#0080ff><b>舰长</b></color>,,,,,,
dialogue_qeumKim,"@q0 @d1\nSensors are calm, but I've got a <b>bad feeling</b> about this sector ...\n@w2\n... And <color=#ffffff>Galleon</color> is already exploding things ...!",,,,,,,,,,@q0 @d1\n传感器显示平静，但我对这个星区有<b>不好的预感</b>……\n@w2\n…… 而且加利昂已经在炸东西了……！,,,,,,
dialogue_CKaCSiU,"OK, I will talk to Galleon ... <color=#ffffff>[Skip all]</color>",,,,,,,,,,好，我会和加利昂谈谈……<color=#ffffff>[跳过全部]</color>,,,,,,
dialogue_3ui4We4,Why did you lock the Bunk door?,,,,,,,,,,你为什么锁上舱房门？,,,,,,
dialogue_O0GiWe4,"@q0 @d1 Then get going<i>, </i>Human.\n@w1\n<i><b>Earn </b>your ride.</i>\n@w1<i></i>\n... Your <color=#ffffff>home fleet </color>isn't waiting ...",,,,,,,,,,@q0 @d1 那么，出发吧，<i> </i>人类。\n@w1\n<i><b>赚取</b>你的船票。</i>\n@w1<i></i>\n…… 你的<color=#ffffff>母舰队</color>可不会一直等着……,,,,,,
dialogue_qW4i0i8,@q0 \n@d1 I will surely miss your<i> <b>art</b>...</i>,,,,,,,,,,@q0 \n@d1 我一定会想念你的<i><b>艺术</b>……</i>,,,,,,
dialogue_8AY8mMK,>>,,,,,,,,,,>>,,,,,,
dialogue_m4q88ea,@q0 @d1\nReally impressive.\n@w1\n... Maybe we can get into a <b>future cooperation </b>about this.,,,,,,,,,,@q0 @d1\n真是令人印象深刻。\n@w1\n…… 也许我们可以就此展开<b>未来的合作</b>。,,,,,,
dialogue_8aG4GGW,The fleet... <i>How long</i> did you know about it ?!,,,,,,,,,,舰队…… <i>你</i>知道多久了？！,,,,,,
dialogue_0OeqSq9,@q0 @d1\nNo matter. @w1 Still impressive.\n@w1\n... Maybe we can get into a <b>future cooperation </b>about this.,,,,,,,,,,@q0 @d1\n没关系。 @w1 仍然令人印象深刻。\n@w1\n…… 也许我们可以就此展开<b>未来的合作</b>。,,,,,,
dialogue_8iu4iGi,<i>[ Leave ]</i>,,,,,,,,,,<i>[ 离开 ]</i>,,,,,,
dialogue_uMuGiqm,@q0 @d1\nYour kind is really hard to track down. \n@w1\nAs if it would be<b> on the run</b> ...?\n@w2\n... Who knows when we can finally <i><color=#ffffff>catch up</color></i> ...,,,,,,,,,,@q0 @d1\n你们这个种族真的很难追踪。 \n@w1\n就好像在<b>逃亡</b>……？\n@w2\n…… 谁知道我们什么时候才能真正<i><color=#ffffff>赶上</color></i>……,,,,,,
dialogue_mKCKO40,Another painting ?,,,,,,,,,,另一幅画？,,,,,,
dialogue_CaiGGKa,@q0 @d1\nJust ... \n@w1 One.\n@w3\n- Now <i>please</i><color=#ffffff> help Galleon</color> ! We have stashed enough explosives to shred a Battlecruiser...,,,,,,,,,,@q0 @d1\n只是…… \n@w1 一幅。\n@w3\n- 现在<i>请</i><color=#ffffff>帮帮加利昂</color>！我们藏了足够的炸药，能把一艘战斗巡洋舰炸成碎片……,,,,,,
dialogue_mEi88ui,"@q0 @d1\nThey are in a system nearby. @w1 \nIt seems, they ran into some <color=#ffffff>Zirax </color>... ?\n@w2\n... Lots of <b><i>explosions </i></b>...",,,,,,,,,,@q0 @d1\n他们在附近的一个星系里。 @w1 \n看起来，他们遇到了一些<color=#ffffff>兹瑞克斯</color>……？\n@w2\n…… 很多<b><i>爆炸</i></b>……,,,,,,
dialogue_GmWKm4G,>>,,,,,,,,,,>>,,,,,,
dialogue_Wi8au4W,"@q0 @d1\nOh, it was locked ... ?",,,,,,,,,,@q0 @d1\n哦，它锁上了……？,,,,,,
dialogue_DuuaWiq,Yes.,,,,,,,,,,是的。,,,,,,
dialogue_SuOWSOq,@q0 @d1\nWe are in <b>dangerous </b>space.,,,,,,,,,,@q0 @d1\n我们在<b>危险</b>的太空里。,,,,,,
dialogue_mKmmOOC,<i>( Just wait and look at him )</i>,,,,,,,,,,<i>( 等着看他 )</i>,,,,,,
dialogue_OC8Smea,@q0 @d1\nIt's for your <b>own wellbeing.</b>,,,,,,,,,,@q0 @d1\n这是为了<b>你好</b>。,,,,,,
dialogue_iKOpWi4,<i>( He seems to be shaking ...? )</i>,,,,,,,,,,<i>( 他似乎在发抖……？ )</i>,,,,,,
dialogue_c4ak8aK,What is it?,,,,,,,,,,怎么了？,,,,,,
dialogue_u0qKmWq,@q0 @d1 Got back to your senses? @w1 Good.\nWe need to move.,,,,,,,,,,@q0 @d1 清醒过来了？ @w1 好。\n我们得走了。,,,,,,
dialogue_Sqom8gi,<color=#c0c0c0>The</color> <color=#0080ff><b>Captain</b></color>,,,,,,,,,,<color=#c0c0c0>船长</color><color=#0080ff><b>船长</b></color>,,,,,,
dialogue_C8eq0Ce,<i>[ Leave ]</i>,,,,,,,,,,<i>[ 离开 ]</i>,,,,,,
dialogue_meeCqie,@q0 @d1\n- Opening hangar doors.,,,,,,,,,,@q0 @d1\n- 正在打开机库舱门。,,,,,,
dialogue_mmm2g0q,<i>[ Leave ]</i>,,,,,,,,,,<i>[ 离开 ]</i>,,,,,,
dialogue_eGuuu7m,@q0 @d1 \n... You said you were a<color=#ffffff> soldier pilot </color>?\n@w1\nAre all humans as <b>Creative </b>as you ...?<i></i>,,,,,,,,,,@q0 @d1 \n…… 你说你是<color=#ffffff>士兵飞行员</color>？\n@w1\n所有人类都像你一样<b>有创意</b>吗……？<i></i>,,,,,,
dialogue_OG4G06v,Many are.,,,,,,,,,,很多是。,,,,,,
dialogue_28aauec,Some...,,,,,,,,,,有些……,,,,,,
dialogue_GWGq8a4,All of them. But each one differently.,,,,,,,,,,所有人类。但每个人不同。,,,,,,
dialogue_OCS0K0K,I'm not much Creative.,,,,,,,,,,我不太有创意。,,,,,,
dialogue_i4qGeqi,<i>[ Leave ]</i>,,,,,,,,,,<i>[ 离开 ]</i>,,,,,,
dialogue_Ci4GC4k,@q0 @d1\n-<color=#ffff00> Armor locker</color> is to your left.,,,,,,,,,,@q0 @d1\n-<color=#ffff00>护甲柜</color>在你的左边。,,,,,,
dialogue_G8mqu8e,<i>[ Leave ]</i>,,,,,,,,,,<i>[ 离开 ]</i>,,,,,,
dialogue_asqiSm4,Found the leak. - A block is not airtight.,,,,,,,,,,找到漏气了。- 一个方块不密封。,,,,,,
dialogue_CeeOGmq,"I found the leak. - <i>And</i>, your hidden stash.",,,,,,,,,,我找到了漏气的地方。- <i>还有</i>，你藏的东西。,,,,,,
dialogue_KOalue0,"@q0 @d1 Broke the last good drill. Now there just the <b><color=#ff8000>Cursed Tool</color></b> left.\n@w1\nI will not touch that...\n@w1\nBut for <b>Squishies </b>like you, it will be good.",,,,,,,,,,@q0 @d1 弄坏了最后一个好钻头。现在只剩下<b><color=#ff8000>诅咒工具</color></b>了。\n@w1\n我不会碰那东西……\n@w1\n但对你这样的<b>软蛋</b>来说，它正合适。,,,,,,
dialogue_KCpaOq8,... Cursed ...?,,,,,,,,,,……被诅咒了……？,,,,,,
dialogue_80iiWKm,"Ok, will do. <i> <color=#ffffff>[Leave]</color></i>",,,,,,,,,,好的，会照做。<i> <color=#ffffff>[Leave]</color></i>,,,,,,
dialogue_AqmSm80,@q0 @d1 Captain likes it.\n@w1\n I cannot comprehend.\n@w1\nOne of his more ... @w1 <color=#ffffff>strange 'collections'</color>. @w1 I suppose... @w1...,,,,,,,,,,@q0 @d1 船长喜欢它。\n@w1\n 我无法理解。\n@w1\n他那些更…… @w1<color=#ffffff>奇怪的‘收藏品’</color>之一。 @w1 我想…… @w1……,,,,,,
dialogue_OigeOqs,<i>(( Is Galleon staring at me ...? ))</i>,,,,,,,,,,<i>(( 加利昂在盯着我吗……？ ))</i>,,,,,,
dialogue_jqKm8aW,@q0 @d1 It talks. \n@w1\nA lot.\n@w1\nIn my head.,,,,,,,,,,@q0 @d1 它会说话。 \n@w1\n说很多。\n@w1\n在我脑子里。,,,,,,
dialogue_GSaWesK,"@q0 @d1 I finally made a <color=#ffffff>farm</color>. \n@w1\nIt is <i><b>perfect</b></i>. @w2 \nSprouts have all it needs. Pots, Light. @w1\nBut it does not work. @w1 Why.",,,,,,,,,,@q0 @d1 我终于建了一个<color=#ffffff>农场</color>。 \n@w1\n它<i><b>完美</b></i>。 @w2 \n幼苗要什么有什么。花盆、光照。 @w1\n但它就是不行。 @w1 为什么。,,,,,,
dialogue_u8aqeuu,You are frustrated again. You are exploding things.,,,,,,,,,,你又沮丧了。你在炸东西。,,,,,,
dialogue_8acmKCu,>>,,,,,,,,,,>>,,,,,,
dialogue_Cua8W8e,"@q0 @d1 Find out what hinders the plant's construction process.\n@w2 \nFarm has <b>no oxygen.</b> @w1 <color=#ffffff><color=#ffff00>Suit up</color>. </color>\n@w1 - Put on an a<b> spacewalk</b> <color=#ffffff>booster</color>, too.",,,,,,,,,,@q0 @d1 找出是什么阻碍了植物的生长过程。\n@w2 \n农场<b>没有氧气。</b> @w1 <color=#ffffff><color=#ffff00>穿上防护服</color>。 </color>\n@w1 - 再带上一个<b>太空行走</b><color=#ffffff>助推器</color>。,,,,,,
dialogue_CaGCame,Ok. <i><color=#ffffff>[End]</color></i>,,,,,,,,,,好的。<i><color=#ffffff>[End]</color></i>,,,,,,
dialogue_e0mO674,@q0 @d1\nYou again.,,,,,,,,,,@q0 @d1\n又是你。,,,,,,
dialogue_GKYGqaK,Galleon,,,,,,,,,,加利昂,,,,,,
dialogue_W4Ga8me,The Human...,,,,,,,,,,那个人类……,,,,,,
dialogue_ee8qaOm,"I do have a name, you know...?",,,,,,,,,,我有名字，你知道……？,,,,,,
dialogue_uqqaq0q,What is it...?,,,,,,,,,,怎么了……？,,,,,,
dialogue_oSOi8CC,@q0 The Human...,,,,,,,,,,@q0 那个人类……,,,,,,
dialogue_KOimaSe,Galleon,,,,,,,,,,加利昂,,,,,,
dialogue_Gi44quK,It's open to <i>space</i>...? No wonder it does not grow!,,,,,,,,,,它向<i>太空</i>敞开着……？难怪它长不出来！,,,,,,
dialogue_iuaaiul,"@q0 @d1 I know.\n\n@w1 You have that sensor in your squishy skull. @w1\nIt will help you, to find the <color=#ffffff>leak</color>.",,,,,,,,,,@q0 @d1 我知道。\n\n@w1 你那个柔软的头颅里有传感器。 @w1\n它会帮你找到<color=#ffffff>漏气的地方</color>。,,,,,,
dialogue_4ma4eY0,Don't you have one yourself?,,,,,,,,,,你自己没有吗？,,,,,,
dialogue_0uqKmew,"Ok, let's go. <i><color=#ffffff>[End]</color></i>",,,,,,,,,,好，我们走。<i><color=#ffffff>[End]</color></i>,,,,,,
dialogue_O4aSaS4,"@q0 @d1 \nMine <b>broke </b>years ago.\n\n@w2 In this profession, hull breaches are very<i> easy</i> to spot.",,,,,,,,,,@q0 @d1 \n我的<b>坏掉</b>很多年前就坏了。\n\n@w2 在这个行当里，船体破洞是很容易<i> </i>发现的。,,,,,,
dialogue_4CG8SGe,"Ok, let's go.",,,,,,,,,,好，我们走。,,,,,,
dialogue_OOS0S0e,<color=#ffffff><b>Fleet Command</b></color>,,,,,,,,,,<color=#ffffff><b>舰队指挥部</b></color>,,,,,,
dialogue_USqCJKC,<color=#ff8000><b>Galleon</b></color>,,,,,,,,,,<color=#ff8000><b>加利昂</b></color>,,,,,,
dialogue_iLOq5CK,@q0 @d1\nIt's effort-adjusted salary.,,,,,,,,,,@q0 @d1\n这是按劳分配的薪酬。,,,,,,
dialogue_uLKG0i4,>>,,,,,,,,,,>>,,,,,,
dialogue_eG08qmO,"@q0 @d1\nYou will see for yourself. @w1\nIt is outside, waiting in a box.",,,,,,,,,,@q0 @d1\n你会亲眼看到的。 @w1\n它就在外面，在箱子里等着。,,,,,,
dialogue_84Ku6CO,... How did you find the fleet?,,,,,,,,,,……你是怎么找到舰队的？,,,,,,
dialogue_iSeCei8,@q0 @d1\n\nJust the usual. \n@w1 Signals. @w1 Contacts. @w1 Rumors...,,,,,,,,,,@q0 @d1\n\n就那些常规的。 \n@w1 信号。 @w1 联系。 @w1 传闻……,,,,,,
dialogue_4CaeOSw,>>,,,,,,,,,,>>,,,,,,
dialogue_iqSC80u,@q0 @d1\n\n... Offers on Slave market. @w1 Exotics black market. @w1 Morgues. @w1 <i>Zoos...</i>\nWherever a human should be expected.,,,,,,,,,,@q0 @d1\n\n…… 奴隶市场的报价。 @w1 异域黑市。 @w1 太平间。 @w1 <i>动物园……</i>\n任何可能有人类出现的地方。,,,,,,
dialogue_iiqu8ru,In a grand mood today...?,,,,,,,,,,今天心情不错……？,,,,,,
dialogue_0SmiGWm,This ship has no holding cells.,,,,,,,,,,这艘飞船没有牢房。,,,,,,
dialogue_YeUWeq4,"@q0 @d1\nYeah. @w2 \n\nI would prefer to sell <b>exotic art</b>, instead of exotic people.",,,,,,,,,,@q0 @d1\n是啊。 @w2 \n\n我宁愿卖<b>异域艺术品</b>，也不愿卖异域人。,,,,,,
dialogue_KAOmWWi,>>,,,,,,,,,,>>,,,,,,
dialogue_okWWa0S,@q0 @d1\nSome of your stuff could go into a <color=#ffffff>Polaris board</color> meeting room. \n@w2\nThey like it 'quaint'.,,,,,,,,,,@q0 @d1\n你的一些东西可以放到<color=#ffffff>极星理事会</color>的会议室里。 \n@w2\n他们喜欢那种‘古雅’的东西。,,,,,,
dialogue_C8ma04K,<i>[ Leave ]</i>,,,,,,,,,,<i>[ 离开 ]</i>,,,,,,
dialogue_iQSaK8G,"@q0 @d1\nSo, listen up, both of you. \n\n@w1- <i><color=#ffffff>Ship's been hit</color>,</i> @w1 - wrong spot, @w1 - <b>all tragic</b>.\n\n@w1- <color=#ffffff>Ammo is cooking</color> off.",,,,,,,,,,@q0 @d1\n所以，你们俩听好了。\n\n@w1- <i><color=#ffffff>飞船被击中了</color></i>， @w1 - 位置不对， @w1 - <b>真是悲剧</b>。\n\n@w1- <color=#ffffff>弹药在殉爆</color>。,,,,,,
dialogue_uCCIso2,>>,,,,,,,,,,>>,,,,,,
dialogue_vSmQKim,"@q0 @d1\nYou don't trust me, I don't trust <i>anyone,</i> - @w1 - <color=#ffffff>We have to LEAVE</color>, NOW.",,,,,,,,,,@q0 @d1\n你不信任我，我谁都不信，- @w1 - <color=#ffffff>我们必须离开</color>，现在。,,,,,,
dialogue_CO8sWG4,>>,,,,,,,,,,>>,,,,,,
dialogue_qGSq8ia,"@q0 @d1 \nWait,<i> what the</i> – @w1  - <b>Galleon</b>?!",,,,,,,,,,@q0 @d1 \n等等，<i>什么</i>——@w1 - <b>加利昂</b>？！,,,,,,
dialogue_G80B0CS,>>,,,,,,,,,,>>,,,,,,
dialogue_aS00Yu4,@q0 @d1 \nCurse you ...,,,,,,,,,,@q0 @d1 \n诅咒你……,,,,,,
dialogue_8q4KgOC,>>,,,,,,,,,,>>,,,,,,
dialogue_OukSqSa,"@q0 @d1 \n- Human, @w1 the <b>ship is lost</b>. @w1 <color=#ffffff>Get to the teleporter ! </color>\n@w1\n<i>Meet you at the other side</i>… !",,,,,,,,,,@q0 @d1 \n- 人类， @w1 这艘<b>飞船完了</b>。 @w1 <color=#ffffff>快到传送器那里！ </color>\n@w1\n<i>我们在另一边见</i>……！,,,,,,
dialogue_GqC4Kem,<i>(( End of transmission </i><i>))</i>,,,,,,,,,,<i>(( 通讯结束 </i><i>))</i>,,,,,,
dialogue_8CYCqC6,<color=#ff8000>(( <b>Galleon</b> ))</color>,,,,,,,,,,<color=#ff8000>(( <b>加利昂</b> ))</color>,,,,,,
dialogue_xS4US00,>>,,,,,,,,,,>>,,,,,,
dialogue_WqSmB8S,>>,,,,,,,,,,>>,,,,,,
dialogue_i0GYwmm,<color=#c0c0c0>Ex-</color><b><color=#0080ff>Captain</color></b>,,,,,,,,,,<color=#c0c0c0>前任</color><b><color=#0080ff>船长</color></b>,,,,,,
dialogue_eiWiWi8,"@q0 @d1 \n<b>Welcome back</b>, Soldier!\n\n@w1 These two... <i><color=#ffffff>local Traders</color></i>  here, insist that you can navigate us out of this battle.\n\n@w1 And we are running out of <b>options</b>.",,,,,,,,,,@q0 @d1 \n<b>欢迎回来</b>，士兵！\n\n@w1 这两位…… <i><color=#ffffff>当地商人</color></i> 坚持说你能带我们脱离这场战斗。\n\n@w1 而且我们快没有<b>办法</b>了。,,,,,,
dialogue_W4KWa8e,<i>[ Exit & Main <color=#ffffff>Pilot seat unlocked</color> ]</i>,,,,,,,,,,<i>[ 退出 & 主<color=#ffffff>飞行员座椅已解锁</color> ]</i>,,,,,,
dialogue_GKai0aK,@q0 @d1\n... Then <color=#ffff00>take your seat</color>.\n@w1\n Get us out of here.,,,,,,,,,,@q0 @d1\n……那么<color=#ffff00>就座吧</color>。\n@w1\n 带我们离开这里。,,,,,,
dialogue_uaSCq40,@q0 @d1 Farm lost too much <b>oxygen</b>.\n@w1\nGo outside.<color=#ffffff> Collect Ice.  </color>\nOne-hundred units. We need that.,,,,,,,,,,@q0 @d1 农场失去了太多<b>氧气</b>。\n@w1\n到外面去。<color=#ffffff>收集冰块。</color> \n一百个单位。我们需要那些。,,,,,,
dialogue_4iSuS8i,<i>[ Leave ]</i>,,,,,,,,,,<i>[ 离开 ]</i>,,,,,,
dialogue_OCa8C0a,"@q0 @d1 \n@w1 For a moment, there, your <color=#ffffff>skin </color>looked so much<color=#ffffff> <i>healtiher</i></color>...!\n\n@w1 But you were making all those strange noises and gestures...",,,,,,,,,,@q0 @d1 \n@w1 那一刻，你的<color=#ffffff>皮肤</color>看起来如此<color=#ffffff><i>健康</i></color>……！\n\n@w1 但你一直在发出那些奇怪的声音和做出奇怪的手势……,,,,,,
dialogue_suaKiB8,"@q0 @d1 \nGalleon doesn't tell... but he is <b>worried</b>.\n\n@w1 That it might have <b>done you a bit too good</b>, there.",,,,,,,,,,@q0 @d1 \n加利昂不说……但他<b>很担心</b>。\n\n@w1 担心那地方可能<b>对你太好了</b>。,,,,,,
dialogue_u00Ciqu,"@q0 @d1\nBut you are back. And I see, your <b>head-fur</b> has been ever growing!\n<i></i>\n- ... You do <color=#ffffff>remember</color> all this, yes...?",,,,,,,,,,@q0 @d1\n但是你回来了。而且我看到，你的<b>头毛</b>一直在长！\n<i></i>\n- …… 你确实<color=#ffffff>记得</color>这一切，对吧……？,,,,,,
dialogue_umCuWiS,Yes,,,,,,,,,,是的,,,,,,
dialogue_iWm4KqW,Totally,,,,,,,,,,完全正确,,,,,,
dialogue_8mWKisq,Of course!,,,,,,,,,,当然！,,,,,,
dialogue_o8OaWQS,All clear.,,,,,,,,,,一切正常。,,,,,,
dialogue_WrWCaKW,"@q0 @d1\nGreat. @w1\n\nThen<b> lets do this </b>here. - We deliver our cargo. \nAfter that, we all can make landfall. Relax at a nice beach, or something ...",,,,,,,,,,@q0 @d1\n太好了。 @w1\n\n那我们<b>就在这里搞定</b>。 - 我们交货。 \n之后，我们就可以着陆了。在漂亮的海滩上放松一下，或者什么的……,,,,,,
dialogue_4WWeeqW,<i>[ Leave ]</i>,,,,,,,,,,<i>[ 离开 ]</i>,,,,,,
dialogue_ee0WqG0,@q0 @d1\nIt is your <color=#ffffff>human <b>fleet</b></color>. \n@w1 I think we found it. - Nearby.,,,,,,,,,,@q0 @d1\n那是你的<color=#ffffff>人类<b>舰队</b></color>。 \n@w1 我想我们找到了。- 就在附近。,,,,,,
dialogue_aau4SaW,>>,,,,,,,,,,>>,,,,,,
dialogue_aq8KO4D,>>,,,,,,,,,,>>,,,,,,
dialogue_8Smmm0a,"@q0 @d1 \nIt was just a delicious <b>alien spike lemon!</b> <i>- - Sharpens the mind!</i>\n\n- Galleon had to <b>tap you</b> a bit.. ,  to get you <b>calm </b>again.",,,,,,,,,,@q0 @d1 \n那只是个美味可口的<b>外星尖刺柠檬！</b> <i>- - 提神醒脑！</i>\n\n- 加利昂不得不<b>轻拍你</b>一下……， 让你<b>冷静</b>下来。,,,,,,
dialogue_C7CmCei,'Tapping' ? - Seems more like 'inflicted a closed fracture' ...,,,,,,,,,,'轻拍'？ - 更像是'造成了闭合性骨折'……,,,,,,
dialogue_CmYa4Km,>>,,,,,,,,,,>>,,,,,,
dialogue_qn0EsS0,'Spike lemon' ... I don't feel so well ...,,,,,,,,,,'尖刺柠檬'……我感觉不太舒服……,,,,,,
dialogue_aiOmaOI,"@q0 @d1\n- Now <i>please</i><color=#ffffff> <color=#ffff00>help Galleon</color></color>, before he <b>triggers</b> our cargo ... !",,,,,,,,,,@q0 @d1\n- 现在<i>请</i><color=#ffffff><color=#ffff00>帮帮加利昂</color></color>，在他<b>引爆</b>我们的货物之前……！,,,,,,
dialogue_a0SW8e8,"@q0 @d1\n... @w1well, <color=#ffffff>curse </color>you ...!\n@w1\n... Why, Human, ... why did we even let you on board ... ?!",,,,,,,,,,@q0 @d1\n…… @w1好吧，<color=#ffffff>诅咒</color>你……！\n@w1\n…… 为什么，人类，…… 我们当初为什么要让你上船……？！,,,,,,
dialogue_OiSCKOS,>>,,,,,,,,,,>>,,,,,,
dialogue_eqaaSeI,"@q0 @d1 \nThen, get going<i>, </i>Human. @w1\n<i><b>Earn </b>your ride.</i>\n@w1<i></i>\nOne day, we might <b>find </b>your <color=#ffffff>home fleet</color> .",,,,,,,,,,@q0 @d1 \n那么，出发吧，<i> </i>人类。 @w1\n<i><b>赚取</b>你的船票。</i>\n@w1<i></i>\n总有一天，我们或许能<b>找到</b>你的<color=#ffffff>母舰队</color>。,,,,,,
dialogue_GuCOiOi,... What happened to me?,,,,,,,,,,……我遭遇了什么？,,,,,,
dialogue_eSOiqia,Where is the fleet now ?,,,,,,,,,,舰队现在在哪？,,,,,,
dialogue_WieGmq0,(...),,,,,,,,,,(……),,,,,,
dialogue_8UeaqaX,>>,,,,,,,,,,>>,,,,,,
dialogue_Km18umu,"... There is a <b>problem</b> with that, right?",,,,,,,,,,……那好像有点<b>问题</b>，对吧？,,,,,,
dialogue_Cii4qUC,@q0 @d1 \n'Connecting to subspace network ...'\n@w1 <i>- </i>'Successful. Your Network ID is ...' - \n@w1 - [ <b>Incoming call</b> detected ],,,,,,,,,,@q0 @d1 \n'正在连接子空间网络……'\n@w1 <i>- </i>'成功。您的网络ID是……' - \n@w1 - [ <b>检测到呼入</b> ],,,,,,
dialogue_aW0aC8q,>>,,,,,,,,,,>>,,,,,,
dialogue_CRQC8Ae,"@q0 @d1  \n<i>- <color=#ffffff>Human</color>, is that you ... ?!</i>\n@w1 <i>Incredible! - <color=#ffffff>You made it</color>! </i>\n@w1 <i>But - <b>how.</b>..</i>",,,,,,,,,,@q0 @d1 \n<i>- <color=#ffffff>人类</color>，是你吗……？！</i>\n@w1 <i>难以置信！ - <color=#ffffff>你成功了</color>！ </i>\n@w1 <i>但是 - <b>怎么。</b>..</i>,,,,,,
dialogue_i4mGq8W,>>,,,,,,,,,,>>,,,,,,
dialogue_GeWW0qW,"@q0 @d1 \n<i>- talk to you later. -  @w1 - Oh, and if you <color=#ff8000>warp back</color>,  just try to avoid the local Zirax !\nGalleon, if you would be so kind - ...</i>  <i></i><color=#ffffff>[ Explosions ]</color>",,,,,,,,,,@q0 @d1 \n<i>- 回头再聊。 - @w1 - 哦，如果你<color=#ff8000>翘曲回去</color>，尽量避开当地的兹瑞克斯！\n加利昂，如果你能行个方便 - ...</i> <i></i><color=#ffffff>[ 爆炸声 ]</color>,,,,,,
dialogue_QmI8a04,>>,,,,,,,,,,>>,,,,,,
dialogue_aCu4880,\n@q0 @d1 @w1 ...\n@w1 <i>'</i>Timeout reached. <b>Connection failed</b> after 1500 retries. - Stopping.',,,,,,,,,,\n@q0 @d1 @w1 ...\n@w1 <i>'</i>超时。在1500次重试后<b>连接失败</b>。 - 终止。',,,,,,
dialogue_r4Kue4O,<i>[ Leave Console ]</i>,,,,,,,,,,<i>[ 离开控制台 ]</i>,,,,,,
dialogue_8mh8iwK,@d1 \n<i>'Cannot re-establish connection. Network failure. - Stopping.'</i>,,,,,,,,,,@d1 \n<i>'无法重新建立连接。网络故障。 - 终止。'</i>,,,,,,
dialogue_Cqaia0W,<i>[ Leave Console ]</i>,,,,,,,,,,<i>[ 离开控制台 ]</i>,,,,,,
dialogue_Ki0Km8C,<color=#c0c0c0>Console</color>,,,,,,,,,,<color=#c0c0c0>控制台</color>,,,,,,
dialogue_LiK4W8K,>>,,,,,,,,,,>>,,,,,,
dialogue_GSO4uqK,"@q0 @d1  \n<i>... <b>How </b>did you even end up </i>@w1 <i> ... in <b>that system</b> ?  - Spaceship teleporters don't reach that far?!</i>\n\n@w1 <i>No matter. - <color=#ffff00>Get on a ship</color>, ... somehow? And we'll <color=#ffff00>meet up</color> back here at '<color=#ffffff>Heka Artemis</color>' star system. </i>\n@w1 <i>Your fleet is here.</i>",,,,,,,,,,@q0 @d1 \n<i>……你到底是怎么 </i>@w1<i>……出现在<b>那个星系</b>的？  - 飞船传送器可到不了那么远？！</i>\n\n@w1 <i>不过没关系。 - <color=#ffff00>找艘船</color>，…… 随便用什么办法？然后我们在'<color=#ffffff>赫卡·阿尔忒弥斯</color>'星系这边<color=#ffff00>汇合</color>。 </i>\n@w1 <i>你的舰队在这里。</i>,,,,,,
dialogue_aqK8SGK,Ready.,,,,,,,,,,准备好了。,,,,,,
dialogue_ewqCiGC,Yes.,,,,,,,,,,是的。,,,,,,
dialogue_Ou88eGK,Of course,,,,,,,,,,当然,,,,,,
dialogue_u5Gqaqu,@q0 @d1 \nYour profile lists you as <b>pilot</b>... \n\n@w1 ... Are you still able to<color=#ffffff> <color=#ffff00>fly</color> <color=#ffff00>such a vessel</color></color> ?,,,,,,,,,,@q0 @d1 \n你的档案显示你是<b>飞行员</b>……\n\n@w1 …… 你还能<color=#ffffff><color=#ffff00>驾驶</color><color=#ffff00>这样的飞船</color></color>吗？,,,,,,
dialogue_YCmwOWu,Totally,,,,,,,,,,完全正确,,,,,,
dialogue_ueSiaOO,<i>[ Leave ]</i>,,,,,,,,,,<i>[ 离开 ]</i>,,,,,,
dialogue_CmeWsGG,"@q0 @d1\nPilot seat, at the front.",,,,,,,,,,@q0 @d1\n飞行员座椅，在前面。,,,,,,
dialogue_KNSiOue,"@d1 \nGreetings, {PlayerName}\n\n@w1 So, you made it.\n\n@w1 You <u><i>are</i></u> a <color=#ffffff>pilot</color>, right...?",,,,,,,,,,@d1 \n你好，{PlayerName}\n\n@w1 这么说，你成功了。\n\n@w1 你<u><i>确实</i></u>是个<color=#ffffff>飞行员</color>，对吧……？,,,,,,
dialogue_4bOMC8k,<i>[ Leave ]</i>,,,,,,,,,,<i>[ 离开 ]</i>,,,,,,
dialogue_Y0mQG08,@w1\n{PlayerName} !\n\n@w1 Glad to see you again. And in good health.\n... We have waited for you.,,,,,,,,,,@w1\n{PlayerName}！\n\n@w1 很高兴再次见到你，而且你身体安康。\n……我们已经等你很久了。,,,,,,
dialogue_C8Kmama,@w1\nHow the times have changed...,,,,,,,,,,@w1\n时代真是变了……,,,,,,
dialogue_W8ameue,<i>[ Leave ]</i>,,,,,,,,,,<i>[ 离开 ]</i>,,,,,,
dialogue_xqmeW60,<i>[ Leave ]</i>,,,,,,,,,,<i>[ 离开 ]</i>,,,,,,
dialogue_OWeamee,"@w1\nI'll just ... @w1 find a safe spot, while you <color=#ffffff>fly this thing.</color>",,,,,,,,,,@w1\n我这就…… @w1 找个安全的地方，而你来<color=#ffffff>驾驶这玩意儿</color>。,,,,,,
dialogue_OKcmdii,<i>[ Leave ]</i>,,,,,,,,,,<i>[ 离开 ]</i>,,,,,,
dialogue_0S8aS4i,<i>[ Leave ]</i>,,,,,,,,,,<i>[ 离开 ]</i>,,,,,,
dialogue_aSiMmKm,@d0\n<color=#ff80ff>(Here be building help info)</color>,,,,,,,,,,@d0\n<color=#ff80ff>(这里是建筑帮助信息)</color>,,,,,,
dialogue_OaOWDue,@d1 \n'Cannot access network.\nConnection has been manually severed. ',,,,,,,,,,@d1 \n'无法访问网络。\n连接已被手动切断。',,,,,,
dialogue_q2WeCu8,<i>[ Leave Console ]</i>,,,,,,,,,,<i>[离开控制台]</i>,,,,,,
dialogue_Ciu4CKq,@q0 @d1\nWas I not clear ... ?,,,,,,,,,,@q0 @d1\n我没说清楚吗……？,,,,,,
dialogue_aak4umU,Console,,,,,,,,,,控制台,,,,,,
dialogue_qGG4aBu,@d1\nQuery?,,,,,,,,,,@d1\n查询？,,,,,,
dialogue_CK88ciK,<i>[ Check last messages ]</i>,,,,,,,,,,<i>[查看最后消息]</i>,,,,,,
dialogue_8KVq00m,<i>[ Leave Console ]</i>,,,,,,,,,,<i>[离开控制台]</i>,,,,,,
dialogue_Kq4auW8,@d1\nMessage date...\n\n- This is Rescue. Hearing you loud and clear. \n@w1\n- Understood. - Please keep calm. You are safe now.,,,,,,,,,,@d1\n消息日期……\n\n- 这里是救援队。听得清楚。 \n@w1\n- 明白。 - 请保持冷静。你现在安全了。,,,,,,
dialogue_Kmaueaq,<i>[ Leave Console ]</i>,,,,,,,,,,<i>[离开控制台]</i>,,,,,,
dialogue_OqSGKiq,>>,,,,,,,,,,>>,,,,,,
dialogue_CSiKK88,"Message date...\n- This is Rescue. Hearing you loud and clear. \n- Understood. - Please keep calm. You are safe now.\n\nMessage date...\n- We have an urgent request from MissionOps.\n- Repeat, this is an A-1 case.\nPlease see file. <i>[Attachment missing]</i>\n\nMessage date...\n- Confirmed, network is offline. Well done.\n- Pickup will take a bit longer, until the Code sappers are free. \n\nMessage date...\n- We apologize for not calling back sooner. The whole star cluster has been listed for quarantine. \n- Yes. Just leave this mess as it is.  - And, the AI Dev unit wants to have a talk. \n- No. Just to know, what they might be getting into.\n\nMessage date...\n- This is it - - we organized a local transport. Called '<b>Taurus</b>'.\nCollection point is at northern Nest base. Get there asap. \nBlueprint for a cheap Hover Vessel is at the end of this message. Spawn it with the Factory.  <i>[Attachment missing]</i>\n\n- Yes. But really well paid ones. - Don't worry.\n\nMessage date...\n- A Zirax Battlecuiser is headed for in-system. The whole set, together with a Dronebase Teleporter Lens.\nWhat is the status of your Hover Vessel?\n\n(( End of Messages ))",,,,,,,,,,消息日期……\n- 这里是救援队。听得清楚。 \n- 明白。 - 请保持冷静。你现在安全了。\n\n消息日期……\n- 我们收到任务行动组的紧急请求。\n- 重复，这是 A-1 级案件。\n请查看文件。 <i>[附件缺失]</i>\n\n消息日期……\n- 确认，网络已离线。干得好。\n- 接应需要更长时间，直到代码工兵空闲。 \n\n消息日期……\n- 抱歉没能早点回电。整个恒星群已被列入隔离名单。 \n- 是的。就让它乱着吧。 - 而且，AI开发单元想和你谈谈。 \n- 不。只是想知道他们会遇到什么。\n\n消息日期……\n- 就是它 - - 我们安排了一艘本地运输舰。名为'<b>金牛座</b>'。\n集合点在北部巢穴基地。尽快赶到那里。 \n廉价悬浮飞船的蓝图在本消息末尾。用蓝图工厂生成它。 <i>[附件缺失]</i>\n\n- 是的。但报酬相当丰厚。 - 别担心。\n\n消息日期……\n- 一艘兹瑞克斯战斗巡洋舰正驶向星系内。全套装备，连同无人机基地传送器透镜。\n你的悬浮飞船状态如何？\n\n(( 消息结束 )),,,,,,
dialogue_0S0KGC8,<i>[ Leave Console ]</i>,,,,,,,,,,<i>[离开控制台]</i>,,,,,,
dialogue_44gmuuS,>>,,,,,,,,,,>>,,,,,,
dialogue_iGCYe8j,"@d1\nMessage date...\n\n- We have an urgent request from MissionOps.\n@w1\n- Repeat, this is an A-1 case.\nPlease see file. <i>[Attachment missing]</i>",,,,,,,,,,@d1\n消息日期……\n\n- 我们收到任务行动组的紧急请求。\n@w1\n- 重复，这是 A-1 级案件。\n请查看文件。 <i>[附件缺失]</i>,,,,,,
dialogue_GWaSauW,>>,,,,,,,,,,>>,,,,,,
dialogue_4iWimO0,<i>[ Leave Console ]</i>,,,,,,,,,,<i>[离开控制台]</i>,,,,,,
dialogue_Su0u8Oe,"@d1\nMessage date...\n\n- Confirmed, network is offline. Well done.\n@w1\n- Pickup will take a bit longer, until the Code sappers are ready.",,,,,,,,,,@d1\n消息日期……\n\n- 确认，网络已离线。干得好。\n@w1\n- 接应需要更长时间，直到代码工兵准备就绪。,,,,,,
dialogue_aqSGuqC,>>,,,,,,,,,,>>,,,,,,
dialogue_840OaSa,<i>[ Leave Console ]</i>,,,,,,,,,,<i>[离开控制台]</i>,,,,,,
dialogue_00eWKOK,"@d1\nMessage date...\n\n- We apologize for not calling back sooner. The whole star cluster has been listed for quarantine. \n@w1\n- Yes. Just leave this mess as it is.  - And, TechUnit wants to have a talk. \n@w1\n- No. Just to know, what they might be getting into.",,,,,,,,,,@d1\n消息日期……\n\n- 抱歉没能早点回电。整个恒星群已被列入隔离名单。 \n@w1\n- 是的。就让它乱着吧。 - 而且，技术单元想和你谈谈。 \n@w1\n- 不。只是想知道他们会遇到什么。,,,,,,
dialogue_uMUWGGi,>>,,,,,,,,,,>>,,,,,,
dialogue_a80uua8,<i>[ Leave Console ]</i>,,,,,,,,,,<i>[离开控制台]</i>,,,,,,
dialogue_OiG8W4K,@d1 \nMessage date...\n\n- This is it - - we organized a local transport. Called '<b>Taurus</b>'. Collection point is at northern Nest base. Get there asap.,,,,,,,,,,@d1 \n消息日期……\n\n- 就是它 - - 我们安排了一艘本地运输舰。名为'<b>金牛座</b>'。集合点在北部巢穴基地。尽快赶到那里。,,,,,,
dialogue_ueeUiKu,>>,,,,,,,,,,>>,,,,,,
dialogue_O8CT00u,<i>[ Leave Console ]</i>,,,,,,,,,,<i>[离开控制台]</i>,,,,,,
dialogue_GK48qOm,@d1\n\n- Yes. But <b>really well </b>paid ones. - Don't worry.\n@w1\n- Blueprint for a cheap Hover Vessel is at the end of this message. Spawn it with the Factory.  <i>[Attachment missing]</i>,,,,,,,,,,@d1\n\n- 是的。但报酬<b>相当丰厚</b>。 - 别担心。\n@w1\n- 廉价悬浮飞船的蓝图在本消息末尾。用蓝图工厂生成它。 <i>[附件缺失]</i>,,,,,,
dialogue_K40uCaK,>>,,,,,,,,,,>>,,,,,,
dialogue_CWmSKS0,<i>[ Leave Console ]</i>,,,,,,,,,,<i>[离开控制台]</i>,,,,,,
dialogue_W0KiOuS,"@d1 \nMessage date...\n\n- A Zirax Battlecruiser is headed for in-system. The whole set, together with a Dronebase Teleporter Lens.\n\nWhat is the status of your Hover Vessel?",,,,,,,,,,@d1 \n消息日期……\n\n- 一艘兹瑞克斯战斗巡洋舰正驶向星系内。全套装备，连同无人机基地传送器透镜。\n\n你的悬浮飞船状态如何？,,,,,,
dialogue_6KY40Gi,>>,,,,,,,,,,>>,,,,,,
dialogue_4qijmOG,<i>[ Leave Console ]</i>,,,,,,,,,,<i>[离开控制台]</i>,,,,,,
dialogue_K4uumqc,@d1 \n\n(End of Messages),,,,,,,,,,@d1 \n\n(消息结束),,,,,,
dialogue_eKueuas,<i>[Repeat]</i>,,,,,,,,,,<i>[重复]</i>,,,,,,
dialogue_CqeqSiV,<i>[ Leave Console ]</i>,,,,,,,,,,<i>[离开控制台]</i>,,,,,,
dialogue_KC4q8i0,What is it?,,,,,,,,,,怎么了？,,,,,,
dialogue_aume00S,@q0 @d1 \nYou are back. @w1 Good.\n\nWe need to move.,,,,,,,,,,@q0 @d1 \n你回来了。 @w1 很好。\n\n我们得行动了。,,,,,,
dialogue_40KYWwa,<color=#c0c0c0>The </color><color=#0080ff><b>Captain</b></color>,,,,,,,,,,<color=#c0c0c0>那</color><color=#0080ff><b>舰长</b></color>,,,,,,
dialogue_4akWemF,"@q0 @d1\nWe should not stay here. - @w1  - Sensors are calm, but I've got a <b><i>bad feeling</i></b> about this ...\n@w2\nAnd <color=#ffffff>Galleon</color> is already exploding things.",,,,,,,,,,@q0 @d1\n我们不应在此久留。- @w1  - 传感器读数平静，但我对此有种<b><i>不祥的预感</i></b>……\n@w2\n而且<color=#ffffff>加利昂</color>已经在引爆事物了。,,,,,,
dialogue_4u8ql5C,Why did you lock the Bunk door?,,,,,,,,,,你为什么锁上舱门？,,,,,,
dialogue_XSa0K09,Can't be done much about it. <color=#ffffff>[Skip all]</color>,,,,,,,,,,此事已无可挽回。 <color=#ffffff>[全部跳过]</color>,,,,,,
dialogue_Smu6C7S,<i>( Nevermind... )</i>,,,,,,,,,,<i>( 算了... )</i>,,,,,,
dialogue_O0uWKWK,<i>( Nevermind... )</i>,,,,,,,,,,<i>( 算了... )</i>,,,,,,
dialogue_aeOeeKa,<i>( Nevermind... )</i>,,,,,,,,,,<i>( 算了... )</i>,,,,,,
dialogue_8800WWA,"So, why <i>did</i> you lock the bunk door?",,,,,,,,,,那么，你<i>为什么</i>要锁上舱门？,,,,,,
dialogue_MG8W4Om,"@q0 \n@d1 ... I don't want the <i><b>human </b></i>messing up the negotiations ...\n@w1\nBesides, @w1 \n- you weren't in much of a good shape anyway.",,,,,,,,,,@q0 \n@d1 ...我不希望<b><i>人类</i></b>搞砸谈判……\n@w1\n再说了，@w1 \n- 你当时状况也不太好。,,,,,,
dialogue_88uqu4O,>>,,,,,,,,,,>>,,,,,,
dialogue_SG08SuC,<i>[ Leave ]</i>,,,,,,,,,,<i>[ 离开 ]</i>,,,,,,
dialogue_Ce8o1aK,... What happened to me?,,,,,,,,,,... 我发生了什么？,,,,,,
dialogue_mCCqqaW,Where is the fleet now ?,,,,,,,,,,舰队现在在哪里？,,,,,,
dialogue_emu8SG8,... How did you find the fleet?,,,,,,,,,,... 您是如何找到舰队的？,,,,,,
dialogue_Wu4eqqe,@q0 @d1\nAny <i>other </i>questions ?,,,,,,,,,,@q0 @d1\n还有其他问题吗？,,,,,,
dialogue_eiWOuSS,"OK, got it!   <i>[ <color=#ffffff>Close note</color> & end of invulnerability ]</i>",,,,,,,,,,好的，明白了！   <i>[ <color=#ffffff>关闭便签</color> & 结束无敌状态 ]</i>,,,,,,
dialogue_mqqS04C,Topic: Armor durability,,,,,,,,,,主题：护甲耐久度,,,,,,
dialogue_sqSi4KW,"@d0<i> [ Note: You are currently <color=#ffffff>invulnerable </color>]</i>\n@w1 \n@d0 <color=#ff8000><u>Reminder</u>: In difficult battles, </color><color=#ffff00>keep track of your <b>Armor</b> <b>durability</b></color>.\n<i>(-> In your Inventory, hover with the mouse over the Armor icon, or check length of bar)</i>\n\nOnce your <color=#ffffff>Armor breaks, </color><b><color=#ffffff>bullet protection will fail.</color> </b>- - Repair it, if needed.",,,,,,,,,,@d0<i> [ 注意：您目前处于<color=#ffffff>无敌状态</color> ]</i>\n@w1 \n@d0 <color=#ff8000><u>提醒</u>：在激烈战斗中，</color><color=#ffff00>请注意您的<b>护甲</b>的<b>耐久度</b></color>。\n<i>(-> 在您的物品栏中，将鼠标悬停在护甲图标上，或检查条的长度)</i>\n\n一旦您的<color=#ffffff>护甲破损，</color><b><color=#ffffff>子弹防护将失效。</color> </b>- - 如有需要，请进行维修。,,,,,,
dialogue_4KeKGOw,"@d0<i> [ Note: You are currently <color=#ffffff>invulnerable </color>]</i>\n@w1 \n@d0 You just died and <b><color=#ff8000>dropped a part of your gear</color></b> in a backpack. - It will <b>vanish in </b><color=#ffffff><b>20 minutes.    </b> </color>\n\n<i>- When too close to enemies, use your </i><u><b>Tool Drone</b></u> <color=#00ff00>[ F5 ]</color> <i>to reach it.</i>\n<i>- How much items you drop can be adjusted in the game's <b>difficulty settings</b>.</i>",,,,,,,,,,@d0<i> [ 注意：您目前处于<color=#ffffff>无敌状态</color> ]</i>\n@w1 \n@d0 您刚刚死亡，并在背包中<color=#ff8000>掉落了一部分装备</color>。- 它将在<color=#ffffff><b>20分钟后消失。</b> </color>\n\n<i>- 当离敌人太近时，请使用您的</i><u><b>工具无人机</b></u> <color=#00ff00>[ F5 ]</color> <i>来获取它。</i>\n<i>- 您掉落的物品数量可以在游戏的<b>难度设置</b>中调整。</i>,,,,,,
dialogue_mqGCGaw,Topic: <color=#ffffff><b>Lost backpack</b></color>,,,,,,,,,,主题: <color=#ffffff><b>丢失的背包</b></color>,,,,,,
dialogue_umWC8GO,"OK, got it!   <i>[ <color=#ffffff>Close note</color> & end of invulnerability ]</i>",,,,,,,,,,好的，明白了！   <i>[ <color=#ffffff>关闭便签</color> & 结束无敌状态 ]</i>,,,,,,
dialogue_o7O8KOS,"@q0 @d1\n... @w1 ... well ...\n<i>\n<color=#c0c0c0>( Hard to tell for an alien, but he seems to be shaking... The visor hides his pupils- )</color></i>",,,,,,,,,,@q0 @d1\n... @w1 ... 嗯...\n<i>\n<color=#c0c0c0>( 对外星人来说很难判断，但他似乎在颤抖... 面甲遮住了他的瞳孔- )</color></i>,,,,,,
dialogue_muKOaSW,"<i>( Drugs, maybe ? )</i>",,,,,,,,,,<i>( 也许，是毒品？ )</i>,,,,,,
dialogue_m0uOwK0,<i>( Nevermind... )</i>,,,,,,,,,,<i>( 算了... )</i>,,,,,,
dialogue_Cm4uaSa,@d0@q0The following overview contains categories for which we would like to get your feedback to improve your  gameplay experience.\n\nPlease choose an option below to get started.\n\n<i>Note: Please do not use the feedback forms below to report bugs. More info can be found here: ‘<color=#ffae00>How to report a bug</color>’</i>,"@d0@q0Die folgende Übersicht enthält Kategorien, zu denen wir gerne dein Feedback erhalten würden, um dein Spielerlebnis zu verbessern.\n\nBitte wähle eine Option unten, um zu beginnen.\n\n<i>Hinweis: Bitte benutze die untenstehenden Feedback-Formulare nicht, um Bugs zu melden. Weitere Informationen findest du hier: ‘<color=#ffae00>Wie man einen Bug meldet</color>’</i>",@d0@q0L'aperçu suivant contient des catégories pour lesquelles nous aimerions avoir vos retours afin d'améliorer votre expérience de jeu.\n\nVeuillez choisir une option ci-dessous pour commencer.\n\n<i>Note : Merci de ne pas utiliser les formulaires de retour ci-dessous pour signaler des bugs. Plus d'infos peuvent être trouvées ici : ‘<color=#ffae00>Comment signaler un bug</color>’</i>,"@d0@q0La seguente panoramica contiene categorie per le quali ci piacerebbe ricevere il tuo feedback per migliorare la tua esperienza di gioco.\n\nPer favore, scegli un'opzione qui sotto per iniziare.\n\n<i>Nota: Ti preghiamo di non utilizzare i moduli di feedback qui sotto per segnalare bug. Maggiori informazioni possono essere trovate qui: ‘<color=#ffae00>Come segnalare un bug</color>’</i>","@d0@q0La siguiente visión general contiene categorías para las cuales nos gustaría recibir tus comentarios para mejorar tu experiencia de juego.\n\nPor favor, elige una opción a continuación para comenzar.\n\n<i>Nota: Por favor, no uses los formularios de comentarios a continuación para reportar errores. Más información se puede encontrar aquí: ‘<color=#ffae00>Cómo reportar un error</color>’</i>",,"@d0@q0A seguinte visão geral contém categorias para as quais gostaríamos de receber seu feedback para melhorar sua experiência de jogo.\n\nPor favor, escolha uma opção abaixo para começar.\n\n<i>Nota: Por favor, não use os formulários de feedback abaixo para relatar bugs. Mais informações podem ser encontradas aqui: ‘<color=#ffae00>Como relatar um bug</color>’</i>",,"@d0@q0Следующий обзор содержит категории, по которым мы хотели бы получить ваш отзыв для улучшения вашего игрового опыта.\n\nПожалуйста, выберите вариант ниже, чтобы начать.\n\n<i>Примечание: Пожалуйста, не используйте формы обратной связи ниже для сообщения об ошибках. Дополнительную информацию можно найти здесь: ‘<color=#ffae00>Как сообщить об ошибке</color>’</i>",,@d0@q0以下概览包含了我们希望获取您反馈的类别，以改善您的游戏体验。\n\n请选择以下选项开始。\n\n<i>注意：请勿使用以下反馈表格报告错误。更多信息请参见：‘<color=#ffae00>如何报告错误</color>’</i>,,,,,,
dialogue_WbUWmOO,Close,Schließen,Fermer,Chiudi,Cerrar,,Fechar,,Закрыть,,关闭,,,,,,
dialogue_eiigiO8,<color=#fb00ff>Send us your feedback!</color>,<color=#fb00ff>Schick uns dein Feedback!</color>,<color=#fb00ff>Envoyez-nous vos retours !</color>,<color=#fb00ff>Inviaci il tuo feedback!</color>,<color=#fb00ff>¡Envíanos tus comentarios!</color>,,<color=#fb00ff>Envie-nos seu feedback!</color>,,<color=#fb00ff>Отправьте нам свои отзывы!</color>,,<color=#fb00ff>发送您的反馈！</color>,,,,,,
dialogue_C81ce4C,Send us your feedback about the Standalone Tutorial scenario!,,,,,,,,,,请将您对独立教程场景的反馈发送给我们！,,,,,,
dialogue_0auK4SS,Standalone TUTORIAL scenario,,,,,,,,,,独立教程场景,,,,,,
dialogue_4WuS44m,<color=#ffae00>How to report a bug?</color>,<color=#ffae00>Wie meldet man einen Fehler?</color>,<color=#ffae00>Comment signaler un bug ?</color>,<color=#ffae00>Come segnalare un bug?</color>,<color=#ffae00>¿Cómo reportar un error?</color>,,<color=#ffae00>Como reportar um bug?</color>,,<color=#ffae00>Как сообщить об ошибке?</color>,,<color=#ffae00>如何报告错误？</color>,,,,,,
dialogue_BuuRGWi,Back to Feedback Overview,,,,,,,,,,返回反馈概览,,,,,,
